zigbee:19_zd_WHr_O,869617193075069
zigbee:14_zd_WHr_O,.
zigbee:8_zd_WHr_O,251489306782589
zigbee:30_zd_WHr_O,602496029605727
zigbee:22_zd_WHr_O,505414884951205
zigbee:27_zd_WHr_O,842615102024283
zigbee:26_zd_WHr_O,595773024461625
zigbee:3_zd_WHr_O,.
zigbee:4_zd_WHr_O,665003511841006
zigbee:10_zd_WHr_O,.
zigbee:23_zd_WHr_O,537993829986603
zigbee:18_zd_WHr_O,985928595368156
zigbee:33_zd_WHr_O,822148592343810
zigbee:25_zd_WHr_O,435372333083090
zigbee:15_zd_WHr_O,.
zigbee:5_zd_WHr_O,581605201650169
zigbee:12_zd_WHr_O,663724002498357
zigbee:28_zd_WHr_O,.
zigbee:2_zd_WHr_O,.
zigbee:32_zd_WHr_O,65545375520861
zigbee:6_zd_WHr_O,36619705881581
zigbee:29_zd_WHr_O,.
zigbee:24_zd_WHr_O,743517127810913
zigbee:1_zd_WHr_O,.
zigbee:16_zd_WHr_O,.
zigbee:20_zd_WHr_O,581249158224008	
zigbee:17_zd_WHr_O,923321670582190	
zigbee:7_zd_WHr_O,744899947809308
zigbee:31_zd_WHr_O,502477914127655	
modbus:1_mb_WHr_O,156003169091211
zigbee:13_zd_WHr_O,732336322420386	
zigbee:11_zd_WHr_O,551599847836764
zigbee:9_zd_WHr_O,.
zigbee:21_zd_WHr_O,843360911270229	
zigbee:34_zd_WHr_O,881626283988844
zigbee:63_zd_WHr_O,952513667615231
zigbee:67_zd_WHr_O,985512598979614
zigbee:66_zd_WHr_O,143004408391905
zigbee:71_zd_WHr_O,.
zigbee:69_zd_WHr_O,322270759063182
zigbee:65_zd_WHr_O,649128039000711
zigbee:73_zd_WHr_O,.
zigbee:68_zd_WHr_O,249708457989651
zigbee:47_zd_WHr_O,368944276326380
zigbee:42_zd_WHr_O,382961957244554	
zigbee:35_zd_WHr_O,791874624776655
zigbee:51_zd_WHr_O,259159536856297
zigbee:38_zd_WHr_O,.
zigbee:40_zd_WHr_O,.
zigbee:37_zd_WHr_O,.
zigbee:41_zd_WHr_O,778116972188453
zigbee:44_zd_WHr_O,621142403014267
zigbee:50_zd_WHr_O,.
zigbee:39_zd_WHr_O,911924243667748
zigbee:48_zd_WHr_O,.
zigbee:46_zd_WHr_O,148519400876167
zigbee:53_zd_WHr_O,952606725425051
zigbee:43_zd_WHr_O,701110642055468
zigbee:52_zd_WHr_O,.
zigbee:49_zd_WHr_O,851961474681682
zigbee:36_zd_WHr_O,639138645191940
zigbee:45_zd_WHr_O,907703433163733
